ngram,count
int3 int3 int3 int3,1260102
mov mov mov mov,550713
add add add add,304715
push push push push,179753
push push push call,143959
nop nop nop nop,125951
mov mov mov call,90534
mov call mov mov,84590
mov mov call mov,79264
push push call mov,71427
call mov mov mov,67428
mov push push push,63244
push mov push push,60160
push push call push,57694
ret int3 int3 int3,57546
push push call add,55470
xchg xchg xchg xchg,54470
push push push mov,49931
push mov push mov,49283
push mov call mov,48684
int3 int3 int3 push,46231
mov push mov push,45062
mov test je mov,44996
push push mov call,44674
pop ret int3 int3,44341
push call add mov,43546
push call push push,43226
int3 int3 push mov,42012
push lea push push,41752
push call mov mov,41225
lea push push push,41150
push push mov push,40552
lea mov mov mov,40523
push call push call,39503
mov push push mov,39046
lea push push call,36973
push mov mov mov,35525
mov mov test je,34445
add add push add,34328
add push add add,33946
push push call test,33784
test je mov mov,33384
mov mov push push,33355
mov push mov mov,33246
mov mov mov cmp,33095
mov lea mov mov,32981
push mov push call,32620
pop ret push mov,32619
mov push push call,32401
pop pop pop pop,32205
