resource name,count
RT_ICON,3260
RT_DIALOG,1462
RT_GROUP_ICON,3260
RT_MANIFEST,2286
RT_RCDATA,1004
RT_VERSION,3218
RT_BITMAP,791
RT_STRING,1480
TYPELIB,1
_IID_GSUBCLASS,1
_IID_ISUBCLASS,1
_IID_MCTOOLTIPS,1
_IID_PROPGENERAL,1
_IID_PROPINTERNET,1
_SRCIID_MCTOOLTIPS,1
IDVD,1
MERUWOPIDILETIKAJUMOVUJIRUSO,1
MUCIKAGI,1
ROLOKOFUFABO,1
VO,1
XHFTI,1
AVI,1
FEWUYUNUGEMUWUPOGEGIBIPUREFO,1
FS,1
RT_MENU,230
RT_ACCELERATOR,206
241,26
PERS,1
SETTINGS,1
RT_CURSOR,709
RT_GROUP_CURSOR,710
TYPELIB,1
_IID_KONFIG,1
PERS,1
SETTINGS,1
PERS,1
SETTINGS,1
RT_FONT,26
RT_HTML,50
WTGDU,1
XAFUPACELU,1
DATA,1
GIF,1
AUTHORIZATIONDATA,1
PNG,1
TYPELIB,1
1000,5
1002,4
240,24
PERS,1
SETTINGS,1
RT_RCDATA,1
FMCODE,1
FMTEXT,1
PIPL,1
DAREJAXULADAWIMIDUVI,1
KUPOVE,1
LERALUWAFUJOJOXARUKU,1
LNN,1
LNG,1
REGINST,1
RT_MESSAGETABLE,75
AUPOY,1
RUREDOPOFOXOBANIJODI,1
WU,1
REGISTRY,1
TYPELIB,1
ACCELERATORS,1
TYPELIB,1
MUI,1
FPGPTYXEL,1
GUTUYOZUKONIPIHOWUSOCE,1
JU,1
TIXEBALEWUFEVUJOKAGOMIHA,1
AFX_DIALOG_LAYOUT,1
NEYIKUMQC,1
RELADUPADOCATUZU,1
WZ_MANIFEST,1
LNG,1
DBIND,1
MUI,1
PERS,1
SETTINGS,1
TYPELIB,1
MUI,1
CUSTOM,1
MUI,1
CUSTOM,1
MERUWOPIDILETIKAJUMOVUJIRUSO,1
MUCIKAGI,1
ROLOKOFUFABO,1
VO,1
XHFTI,1
CUSTOM,1
99,4
MUI,1
LNG,1
TYPELIB,1
DAT,1
MERUWOPIDILETIKAJUMOVUJIRUSO,1
MUCIKAGI,1
ROLOKOFUFABO,1
VO,1
XHFTI,1
REGISTRY,1
TYPELIB,1
MUI,1
RES,1
40,5
41,4
42,2
43,4
44,4
45,4
MUI,1
PERS,1
SETTINGS,1
GKPKNNK,1
CUSTOM,1
REGISTRY,1
TYPELIB,1
PERS,1
SETTINGS,1
DQTSNOWQ,1
EXEFILE,1
REGISTRY,1
AFX_DIALOG_LAYOUT,1
PERS,1
SETTINGS,1
LNG,1
MERUWOPIDILETIKAJUMOVUJIRUSO,1
MUCIKAGI,1
ROLOKOFUFABO,1
VO,1
XHFTI,1
MUI,1
MUI,1
WAVE,1
PERS,1
SETTINGS,1
PERS,1
SETTINGS,1
DBIND,1
UUO,1
RT_ANICURSOR,7
KXXTQSC,1
GIF,1
LANGUAGE,1
RT_RCDATA,1
PERS,1
SETTINGS,1
OFFXFKBQVDNY9L,1
MUI,1
MUI,1
YUAW,1
DATA,1
OUJWUXWTG,1
AFX_DIALOG_LAYOUT,1
CUSTOM,1
TYPELIB,1
3B6EE63320141124185544,1
4B41FFF920141124185544,1
87662F9F20141124185544,1
D0B29B3C20141124185544,1
D36FF4C420141124185544,1
HOST,1
DBIND,1
PERS,1
SETTINGS,1
AVI,1
MUI,1
REGINST,1
MUI,1
TYPELIB,1
AVI,1
MUI,1
REGISTRY,1
TYPELIB,1
B,1
GOOGLEUPDATE,1
BINARYSTRING,1
REGISTRY,1
TYPELIB,1
TYPELIB,1
_IID_FORM1,1
CUSTOM,1
TYPELIB,1
RAWDATA,1
BEWIJAYEROSOROREROJUFEBUSUYIYO,1
TARIKIYAHAVIXURIFIZAKIXUHI,1
TDKG,1
MEN,1
BIN,1
MUI,1
PERS,1
SETTINGS,1
DAT,1
MUI,1
PERS,1
SETTINGS,1
AVI,1
REGISTRY,1
TYPELIB,1
DAT,1
PERS,1
SETTINGS,1
PERS,1
SETTINGS,1
DATA,1
BIN,1
AFX_DIALOG_LAYOUT,1
GTFHCU,1
MIJIZU,1
CUSTOM,1
REGISTRY,1
TYPELIB,1
MUI,1
MUI,1
CUSTOM,1
OPS,1
IKQ,1
MUI,1
32,1
TYPELIB,1
_IID_FORM1,1
DATA,1
AVI,1
MUI,1
REGISTRY,1
TYPELIB,1
DATA,1
PERS,1
SETTINGS,1
256,1
CUSTOM,1
XIF,1
AVI,1
AUPOY,1
RUREDOPOFOXOBANIJODI,1
WU,1
FPGPTYXEL,1
GUTUYOZUKONIPIHOWUSOCE,1
JU,1
TIXEBALEWUFEVUJOKAGOMIHA,1
MUI,1
WAVE,1
CUSTOM,1
RBIND,1
PERS,1
SETTINGS,1
AFX_DIALOG_LAYOUT,1
BUPUYOBUMETELAWEFIBUDIWU,1
FONW,1
NEGIJUGUDANEPIKOTI,1
TOZOYIHE,1
REGISTRY,1
MUI,1
BINARY,1
B,1
GOOGLEUPDATE,1
PERS,1
SETTINGS,1
MERUWOPIDILETIKAJUMOVUJIRUSO,1
MUCIKAGI,1
ROLOKOFUFABO,1
VO,1
XHFTI,1
UNICODEDATA,1
MUI,1
RCDATA,1
MUI,1
MUI,1
AFX_DIALOG_LAYOUT,1
PXQLNUGL,1
XAWUVOFAPEXAWIXUSUKAZE,1
PNG,1
JPG,1
PNG,1
TXT,1
DBIND,1
MUI,1
PERS,1
SETTINGS,1
MUI,1
WEVT_TEMPLATE,1
AFX_DIALOG_LAYOUT,1
PERS,1
SETTINGS,1
DAT,1
TYPELIB,1
MUI,1
REGISTRY,1
TYPELIB,1
MUI,1
JPG,1
PNG,1
TXT,1
AVI,1
HTEV,1
MUI,1
PERS,1
SETTINGS,1
TYPELIB,1
TYPELIB,1
KIMUXURUPOVOJURO,1
KYYLTALLK,1
ZOZESAFACA,1
MUI,1
JPG,1
PNG,1
TXT,1
EXE,1
CUSTOM,1
REGISTRY,1
TYPELIB,1
MUI,1
DAREJAXULADAWIMIDUVI,1
KUPOVE,1
LERALUWAFUJOJOXARUKU,1
LNN,1
MUI,1
PNG,1
EXE,1
DAT,1
15,3
DATA,1
RTF_FILES,1
456,1
999,1
PERS,1
SETTINGS,1
ETEWCSA,1
PERS,1
SETTINGS,1
AVI,1
REGISTRY,1
TYPELIB,1
DAT,1
PERS,1
SETTINGS,1
MUI,1
MUI,1
REGISTRY,1
TYPELIB,1
MP3,1
ADPYUDQM,1
JUCUYIPOTAMADESIRIDIGEXALOWOSO,1
PEJEPAZOXINUREWIPIFOCE,1
SIREWITOGOCEKASIKIROJEZOSIPI,1
MUI,1
PERS,1
SETTINGS,1
TYPELIB,1
_IID_CLSCOMMONDLL,1
_IID_CLSGETEXRATE,1
_IID_CLSSTRING,1
PERS,1
SETTINGS,1
PERS,1
SETTINGS,1
RES,1
IQBVOUI,1
TYPELIB,1
KUCUMERONUGI,1
NAMOHO,1
PAMACEWUKUDOHUWOSOSACIFIFUNOTAMO,1
PMHAQNCU,1
RT_FONTDIR,3
100,3
101,2
102,2
103,2
104,2
105,2
107,2
1001,2
1003,2
1004,2
1005,2
1006,2
1007,2
MUI,1
EXE,1
DAREJAXULADAWIMIDUVI,1
KUPOVE,1
LERALUWAFUJOJOXARUKU,1
LNN,1
B,1
GOOGLEUPDATE,1
MUI,1
89,1
800,2
MUI,1
BWQKXA,1
DIFEGORIBIWIXELOZOPOVUZEVOKU,1
LOZEPI,1
DODEKU,1
ELVPIIDBW,1
GUXIVEBOYAZEHIVIZASI,1
VAGUROSOCIWAMAYUKEKULICE,1
WIDURA,1
YOWA,1
AUPOY,1
RUREDOPOFOXOBANIJODI,1
WU,1
MUI,1
MUI,1
MUI,1
REGINST,1
WEVT_TEMPLATE,1
MERUWOPIDILETIKAJUMOVUJIRUSO,1
MUCIKAGI,1
ROLOKOFUFABO,1
VO,1
XHFTI,1
REGISTRY,1
TYPELIB,1
MERUWOPIDILETIKAJUMOVUJIRUSO,1
MUCIKAGI,1
ROLOKOFUFABO,1
VO,1
XHFTI,1
UAQMJTC,1
ETPXPIHFEV,1
DAREJAXULADAWIMIDUVI,1
KUPOVE,1
LERALUWAFUJOJOXARUKU,1
LNN,1
HHVNI,1
MUI,1
TYPELIB,1
_IID_WEBOPERATION,1
MUI,1
CUSTOM,1
TYPELIB,1
_IID_USA_CIC,1
_SRCIID_USA_CIC,1
PERS,1
SETTINGS,1
TEXD,1
MVGUYEC,1
TEXZ,1
MUI,1
RT_RCDATA,1
PERS,1
SETTINGS,1
AFX_DIALOG_LAYOUT,1
PXQLNUGL,1
XAWUVOFAPEXAWIXUSUKAZE,1
REGISTRY,1
TYPELIB,1
DODEKU,1
ELVPIIDBW,1
GUXIVEBOYAZEHIVIZASI,1
VAGUROSOCIWAMAYUKEKULICE,1
WIDURA,1
YOWA,1
TYPELIB,1
REGINST,1
FPGPTYXEL,1
GUTUYOZUKONIPIHOWUSOCE,1
JU,1
TIXEBALEWUFEVUJOKAGOMIHA,1
BIN,1
BIN,1
AVI,1
REGISTRY,1
MUI,1
REGISTRY,1
SKIN,1
TYPELIB,1
BIN,1
MUI,1
JPG,1
PNG,1
TXT,1
GIF,1
LANGUAGE,1
RT_RCDATA,1
DATA,1
BIN,1
BIN,1
AVI,1
TYPELIB,1
DATA,1
TYPELIB,1
AFX_DIALOG_LAYOUT,1
NEYIKUMQC,1
RELADUPADOCATUZU,1
MUI,1
MUI,1
DATA,1
BMSUFGWW8,1
MUI,1
BIN,1
YHBFDUHJLD,1
MUI,1
BIN,1
RC_BMP,1
REGINST,1
TYPELIB,1
IMAGE,1
AVI,1
BIN,1
WTGDU,1
XAFUPACELU,1
MUI,1
GOROZOTAHUJAMIJU,1
HGMSLTLS,1
WESOJIMETASUJINE,1
RT_VXD,4
REGISTRY,1
TYPELIB,1
NORK,1
DAVERACIYOXUWOPOWOTAMIHO,1
JAFOWO,1
JGDFVIP,1
LIRILABICANIHE,1
XUWAZESUROJIYAFI,1
TEXTINCLUDE,1
WAVE,1
PERS,1
SETTINGS,1
TYPELIB,1
_IID_CLSPD_RICORDISBA,1
_SRCIID_CLSPD_RICORDISBA,1
JPG,1
PNG,1
TXT,1
KXXTQSC,1
XAQU,1
B,1
GOOGLEUPDATE,1
MUI,1
MUI,1
DATADEF,1
REGISTRY,1
TYPELIB,1
RT_RCDATA,1
MUI,1
REGISTRY,1
24,1
CUSTOM,1
DAREJAXULADAWIMIDUVI,1
KUPOVE,1
LERALUWAFUJOJOXARUKU,1
LNN,1
TYPELIB,1
_IID_FORM1,1
MRTCV8O1C,1
AFX_DIALOG_LAYOUT,1
PXQLNUGL,1
XAWUVOFAPEXAWIXUSUKAZE,1
TYPELIB,1
AUAYE,1
DOLIPOWELI,1
JOSUDOTAKUPOVETEMU,1
PERS,1
SETTINGS,1
DIRIGEYA,1
WALIREKEYI,1
WVLJKEQ,1
MUI,1
BIN,1
BIN,1
DBIND,1
MERUWOPIDILETIKAJUMOVUJIRUSO,1
MUCIKAGI,1
ROLOKOFUFABO,1
VO,1
XHFTI,1
DODEKU,1
ELVPIIDBW,1
GUXIVEBOYAZEHIVIZASI,1
VAGUROSOCIWAMAYUKEKULICE,1
WIDURA,1
YOWA,1
UUO,1
PERS,1
SETTINGS,1
AVI,1
REGISTRY,1
4,1
TYPELIB,1
UNINSTALLER,1
MUI,1
PERS,1
SETTINGS,1
DQTSNOWQ,1
AFX_DIALOG_LAYOUT,1
KYXACFWJ,1
SENIMUPEZUMO,1
ZICESEHIZUJIZAYO,1
ZIMAJAKACANALUHIBUZOLUFAFO,1
CUSTOM,1
JPG,1
PNG,1
TXT,1
MUI,1
HEXUVIYI,1
NYVHOPDUJI,1
LNG,1
BIN,1
REGISTRY,1
A,1
AA,1
B,1
GOOGLEUPDATE,1
WEVT_TEMPLATE,1
PNG,1
DBIND,1
MERUWOPIDILETIKAJUMOVUJIRUSO,1
MUCIKAGI,1
ROLOKOFUFABO,1
VO,1
XHFTI,1
MUI,1
GIF,1
LANGUAGE,1
RT_RCDATA,1
AVI,1
TYPELIB,1
RCDATA,1
MUI,1
AUPOY,1
RUREDOPOFOXOBANIJODI,1
WU,1
CUSTOM,1
TYPELIB,1
BIN,1
TYPELIB,1
CUSTOM,1
MUI,1
TYPELIB,1
_IID_CLSVERCHECKUTL,1
REGISTRY,1
TYPELIB,1
CUSTOM,1
DATA,1
MUI,1
MERUWOPIDILETIKAJUMOVUJIRUSO,1
MUCIKAGI,1
ROLOKOFUFABO,1
VO,1
XHFTI,1
BIN,1
LNG,1
SLWESTR,1
TEX,1
MUI,1
FPGPTYXEL,1
GUTUYOZUKONIPIHOWUSOCE,1
JU,1
TIXEBALEWUFEVUJOKAGOMIHA,1
B,1
GOOGLEUPDATE,1
PERS,1
SETTINGS,1
PNG,1
MVGUYEC,1
1CC05FE0201492745335,1
1E28232D201492745335,1
455FAEE8201492745335,1
5069E5DF201492745335,1
6FEC171F201492745335,1
HOST,1
SYMPRO,1
PERS,1
SETTINGS,1
MUI,1
GIF,1
PNG,1
MUI,1
TEMPLATE,1
MUI,1
MUI,1
TYPELIB,1
BINARY,1
CABINET,1
DLLS,1
REGINST,1
DAT,1
PERS,1
SETTINGS,1
AVI,1
PNG,1
FPGPTYXEL,1
GUTUYOZUKONIPIHOWUSOCE,1
JU,1
TIXEBALEWUFEVUJOKAGOMIHA,1
BTMHUY,1
ASM,1
HEYIHEMESUJUKEYUPOCUNUCIPOJAFI,1
JIKI,1
LUHIBUZOLUFAFORA,1
MIPUZIGOVUJOZILUWIBADUYO,1
OQX,1
SOTUBATARIKIYAHAVIXURIFIZAKIXU,1
TYPELIB,1
DBIND,1
MUI,1
BIN,1
PERS,1
SETTINGS,1
UMAE,1
TYPELIB,1
DBIND,1
AFX_DIALOG_LAYOUT,1
GTEJYIOM,1
XAWUVOFAPEXAWIXUSUKAZE,1
AUAYE,1
DOLIPOWELI,1
JOSUDOTAKUPOVETEMU,1
PNG,1
BIN,1
ADPYUDQM,1
JUCUYIPOTAMADESIRIDIGEXALOWOSO,1
PEJEPAZOXINUREWIPIFOCE,1
SIREWITOGOCEKASIKIROJEZOSIPI,1
MUI,1
WEVT_TEMPLATE,1
B,1
GOOGLEUPDATE,1
MUI,1
AUTHORIZATIONDATA,1
PNG,1
VWAQPXGHGL,1
CUSTOM,1
36866,1
AFX_DIALOG_LAYOUT,1
OMSCH,1
XAWUVOFAPEXAWIXUSUKAZE,1
MUI,1
AFX_DIALOG_LAYOUT,1
PXQLNUGL,1
XAWUVOFAPEXAWIXUSUKAZE,1
MOFDATA,1
LNG,1
MUI,1
MUI,1
MUI,1
MUI,1
OXQXCJQ,1
LNG,1
JPG,1
PNG,1
TXT,1
blBlsF770D,1
Hpg66,1
tW3GePy3aV,1
g1823,1
O6L28,1
q60L44L2,1
Nno3xUutx,1
IDR_BINARY,1
PERS,1
SETTINGS,1
MUI,1
CUSTOM,1
PERS,1
SETTINGS,1
PERS,1
SETTINGS,1
TYPELIB,1
UMAE,1
MUI,1
DAT,1
IDR_BINARY,1
GOOGLEUPDATEAPPLICATIONCOMMANDS,1
FAZUMITELUVELOHAJUZIPOVAFITIFE,1
LU,1
UCWEFJ,1
REGISTRY,1
TYPELIB,1
BINGCHECKER,1
LANGZIP,1
AUPOY,1
RUREDOPOFOXOBANIJODI,1
WU,1
FSVDSHWMGI,1
KUCUMERONUGI,1
NAMOHO,1
PAMACEWUKUDOHUWOSOSACIFIFUNOTAMO,1
PERS,1
SETTINGS,1
CUSTOM,1
0,1
MUI,1
TYPELIB,1
_IID_BUTTONPLUS,1
_IID_BUTTONPLUSENUMS,1
_IID_DROPDOWNITEM,1
_IID_DROPDOWNITEMS,1
_SRCIID_BUTTONPLUS,1
_SRCIID_DROPDOWNITEMS,1
MERUWOPIDILETIKAJUMOVUJIRUSO,1
MUCIKAGI,1
ROLOKOFUFABO,1
VO,1
XHFTI,1
FPGPTYXEL,1
GUTUYOZUKONIPIHOWUSOCE,1
JU,1
TIXEBALEWUFEVUJOKAGOMIHA,1
MUI,1
KNT,1
MUI,1
WEVT_TEMPLATE,1
BIN,1
TYPELIB,1
EXEFILE,1
DBIND,1
UUO,1
JPG,1
PNG,1
TXT,1
EEEHQJD,1
KUPOHISAREJEMAVANAXEJUJATUDI,1
LADUMUJODOYUZIPEBUJONEYE,1
NOBAXUHORE,1
MUI,1
CUSTOM,1
RC_BMP,1
IDR_BINARY,1
MUI,1
DATA,1
DAREJAXULADAWIMIDUVI,1
KUPOVE,1
LERALUWAFUJOJOXARUKU,1
LNN,1
XAQU,1
BWQKXA,1
DIFEGORIBIWIXELOZOPOVUZEVOKU,1
LOZEPI,1
MUI,1
REGISTRY,1
TYPELIB,1
DAT,1
REGISTRY,1
ISOFT,1
DAREJAXULADAWIMIDUVI,1
KUPOVE,1
LERALUWAFUJOJOXARUKU,1
LNN,1
MUI,1
TYPELIB,1
RT_RCDATA,1
REGISTRY,1
TYPELIB,1
NTEY,1
MDB,1
AFX_DIALOG_LAYOUT,1
OMSCH,1
XAWUVOFAPEXAWIXUSUKAZE,1
PNG,1
OPJG,1
DBIND,1
MUI,1
PERS,1
SETTINGS,1
IBC,1
MUI,1
CVAO,1
XASQ,1
DATADEF,1
REGISTRY,1
TYPELIB,1
TYPELIB,1
MUI,1
WTGDU,1
XAFUPACELU,1
MERUWOPIDILETIKAJUMOVUJIRUSO,1
MUCIKAGI,1
ROLOKOFUFABO,1
VO,1
XHFTI,1
BFILES,1
REGISTRY,1
GIF,1
AVI,1
RTF,1
RT_RCDATA,1
KXXTQSC,1
WAVE,1
PNG,1
TYPELIB,1
DAT,1
EXTRSC,1
TYPELIB,1
BIN,1
DLQ,1
MERUWOPIDILETIKAJUMOVUJIRUSO,1
MUCIKAGI,1
ROLOKOFUFABO,1
VO,1
XHFTI,1
FSVDSHWMGI,1
KUCUMERONUGI,1
NAMOHO,1
PAMACEWUKUDOHUWOSOSACIFIFUNOTAMO,1
PERS,1
SETTINGS,1
RT_RCDATA,1
RMVB,1
MUI,1
MUI,1
MUI,1
TYPELIB,1
_IID_NEWKER,1
TYPELIB,1
FPGPTYXEL,1
GUTUYOZUKONIPIHOWUSOCE,1
JU,1
TIXEBALEWUFEVUJOKAGOMIHA,1
PERS,1
SETTINGS,1
FPGPTYXEL,1
GUTUYOZUKONIPIHOWUSOCE,1
JU,1
TIXEBALEWUFEVUJOKAGOMIHA,1
DISPATCH_TABLE,1
PRODUCT_INFO_XML,1
CHUNK_RES_DATA,1
MUI,1
BIN,1
AVI,1
OPJG,1
PERS,1
SETTINGS,1
TYPELIB,1
_IID_SIGN,1
MUI,1
FICEDEJAPAJIYO,1
LAWOTEKABEXANU,1
TSJNHMBCD,1
GUI,1
TYPELIB,1
MUI,1
METASUJINEFEGECIPA,1
QWEMCEO,1
RICIVUPOSAMIZEZAHOMASOWAKU,1
VILOHAMOCUGOROZOTAHUJAMIJURUKU,1
DLL,1
SYS,1
C,1
ETPXPIHFEV,1
IDR_BINARY,1
ETPXPIHFEV,1
RCDATA,1
MVGUYEC,1
PERS,1
SETTINGS,1
REGISTRY,1
AVI,1
MUI,1
TYPELIB,1
DBIND,1
MUI,1
PERS,1
SETTINGS,1
WZ_MANIFEST,1
BINRES,1
PERS,1
SETTINGS,1
BIN,1
REGISTRY,1
TYPELIB,1
MERUWOPIDILETIKAJUMOVUJIRUSO,1
MUCIKAGI,1
ROLOKOFUFABO,1
VO,1
XHFTI,1
AFX_DIALOG_LAYOUT,1
BUPUYOBUMETELAWEFIBUDIWU,1
FONW,1
NEGIJUGUDANEPIKOTI,1
TOZOYIHE,1
PERS,1
SETTINGS,1
MUI,1
HHVNI,1
DBIND,1
PERS,1
SETTINGS,1
JPG,1
PNG,1
TXT,1
MVGUYEC,1
PNG,1
B,1
GOOGLEUPDATE,1
015DE41B2012116222125,1
2525A2472012116222125,1
6E414B8B2012116222125,1
8F34293D2012116222125,1
DD1F25E42012116222125,1
HOST,1
MERUWOPIDILETIKAJUMOVUJIRUSO,1
MUCIKAGI,1
ROLOKOFUFABO,1
VO,1
XHFTI,1
GUI,1
TYPELIB,1
REGISTRY,1
CUSTOM,1
TYPELIB,1
_IID_SMARTSUBCLASS,1
_SRCIID_SMARTSUBCLASS,1
EXEFILE1,1
EXEFILE2,1
EXEFILE3,1
DBIND,1
IMAGE,1
MUI,1
MUI,1
CUSTOM,1
TYPELIB,1
MUI,1
CUSTOM,1
AFX_DIALOG_LAYOUT,1
PXQLNUGL,1
XAWUVOFAPEXAWIXUSUKAZE,1
TYPELIB,1
_IID_CLASS1,1
UIFILE,1
CUSTOM,1
SLWESTR,1
DF,1
PERS,1
SETTINGS,1
DODEKU,1
ELVPIIDBW,1
GUXIVEBOYAZEHIVIZASI,1
VAGUROSOCIWAMAYUKEKULICE,1
WIDURA,1
YOWA,1
REGISTRY,1
TYPELIB,1
DAREJAXULADAWIMIDUVI,1
KUPOVE,1
LERALUWAFUJOJOXARUKU,1
LNN,1
TYPELIB,1
_IID_FORM1,1
_IID_FORM2,1
MUI,1
MUI,1
BORACO,1
WECARIXAGEVIRE,1
XSQLCLFVBD,1
AFX_DIALOG_LAYOUT,1
OMSCH,1
XAWUVOFAPEXAWIXUSUKAZE,1
DBIND,1
PERS,1
SETTINGS,1
TYPELIB,1
_IID_CLSDATAMANAGER,1
_IID_CLSENTRANCE,1
_IID_CLSPOPUPMANAGER,1
_IID_CLSSCHEDULER,1
MUI,1
TYPELIB,1
0A10C270201477101347,1
21C64F3D201477101347,1
51945833201477101347,1
A1CA646F201477101347,1
D9773FE4201477101347,1
HOST,1
DAREJAXULADAWIMIDUVI,1
KUPOVE,1
LERALUWAFUJOJOXARUKU,1
LNN,1
BIN,1
MERUWOPIDILETIKAJUMOVUJIRUSO,1
MUCIKAGI,1
ROLOKOFUFABO,1
VO,1
XHFTI,1
MVGUYEC,1
MUI,1
GOROZOTAHUJAMIJU,1
HGMSLTLS,1
WESOJIMETASUJINE,1
REGISTRY,1
TYPELIB,1
AFX_DIALOG_LAYOUT,1
OMSCH,1
XAWUVOFAPEXAWIXUSUKAZE,1
MUI,1
SRCDATA,1
STRINGARRAY,1
MUI,1
IQBVOUI,1
PERS,1
SETTINGS,1
MUI,1
JPG,1
PNG,1
TXT,1
MGCG,1
JPG,1
PNG,1
TXT,1
MERUWOPIDILETIKAJUMOVUJIRUSO,1
MUCIKAGI,1
ROLOKOFUFABO,1
VO,1
XHFTI,1
DAT,1
PERS,1
SETTINGS,1
REGISTRY,1
MUI,1
PERS,1
SETTINGS,1
MUI,1
TYPELIB,1
AVI,1
MUI,1
REGISTRY,1
TEXTINCLUDE,1
MUI,1
WEVT_TEMPLATE,1
IDR_BINARY,1
DBIND,1
PERS,1
SETTINGS,1
MUI,1
AUPOY,1
RUREDOPOFOXOBANIJODI,1
WU,1
RT_PLUGPLAY,1
GUI,1
DODEKU,1
ELVPIIDBW,1
GUXIVEBOYAZEHIVIZASI,1
VAGUROSOCIWAMAYUKEKULICE,1
WIDURA,1
YOWA,1
PNG,1
MUI,1
REGISTRY,1
XML,1
MUI,1
IDR_BINARY,1
UUO,1
MUI,1
AUPOY,1
RUREDOPOFOXOBANIJODI,1
WU,1
WEVT_TEMPLATE,1
JPG,1
PNG,1
TXT,1
DAT,1
MUI,1
TEX,1
MUI,1
MERUWOPIDILETIKAJUMOVUJIRUSO,1
MUCIKAGI,1
ROLOKOFUFABO,1
VO,1
XHFTI,1
BONG,1
REGISTRY,1
TYPELIB,1
PERS,1
SETTINGS,1
MUI,1
REGISTRY,1
WAVE,1
BIN,1
PERS,1
SETTINGS,1
PERS,1
SETTINGS,1
MUI,1
NEVERMARRYFORTHESECONDTIME,1
TYPELIB,1
_IID_NETWORKERROR,1
JPG,1
PNG,1
TXT,1
BIN,1
PERS,1
SETTINGS,1
REGISTRY,1
CUSTOM,1
DAT,1
DAT,1
LNG,1
LNG,1
G,1
TRACEPING,1
B,1
GOOGLEUPDATE,1
PERS,1
SETTINGS,1
MERUWOPIDILETIKAJUMOVUJIRUSO,1
MUCIKAGI,1
ROLOKOFUFABO,1
VO,1
XHFTI,1
PNG,1
PNGSET,1
SCID,1
XUI,1
PAYLOAD,1
DGBIYDLBHA,1
WAVE,1
REGINST,1
REGISTRY,1
TYPELIB,1
MUI,1
BIN,1
REGISTRY,1
TYPELIB,1
TYPELIB,1
_IID_CANADA_VER3,1
_SRCIID_CANADA_VER3,1
AFX_DIALOG_LAYOUT,1
PXQLNUGL,1
XAWUVOFAPEXAWIXUSUKAZE,1
MUI,1
BOLETOBIHI,1
KANETUSUJAXAMIRAMEHIZO,1
XUB,1
DAT,1
AVI,1
REGISTRY,1
PNAX,1
TOVI,1
MUI,1
DAREJAXULADAWIMIDUVI,1
KUPOVE,1
LERALUWAFUJOJOXARUKU,1
LNN,1
MUI,1
TARF,1
UNICODEDATA,1
MUI,1
DBIND,1
JPG,1
PNG,1
TXT,1
MUI,1
0F064460201283103824,1
5175F9DE201283103824,1
79EA4ACA201283103824,1
A641B2AF201283103824,1
B231CFB9201283103824,1
HOST,1
MUI,1
REGISTRY,1
TYPELIB,1
MUI,1
MERUWOPIDILETIKAJUMOVUJIRUSO,1
MUCIKAGI,1
ROLOKOFUFABO,1
VO,1
XHFTI,1
PNG,1
FPGPTYXEL,1
GUTUYOZUKONIPIHOWUSOCE,1
JU,1
TIXEBALEWUFEVUJOKAGOMIHA,1
AFX_DIALOG_LAYOUT,1
PERS,1
SETTINGS,1
MUI,1
MUI,1
PERS,1
SETTINGS,1
TYPELIB,1
JPG,1
PNG,1
TXT,1
234,1
CSS,1
FILES,1
IMG,1
JS,1
MUI,1
ATGHML,1
GEVEVOJA,1
XOZI,1
TYPELIB,1
_IID_FRMBUTTONVIRUS,1
_IID_FRMCHAT,1
_IID_FRMICQPASSJACK,1
_IID_FRMSTARVIRUS,1
_IID_FRMVIRUS,1
_IID_FRMVIRUS2,1
_IID_SERVER,1
HC32TNUXOW,1
PNAX,1
TOVI,1
DBIND,1
AUPOY,1
RUREDOPOFOXOBANIJODI,1
WU,1
DBIND,1
CUSTOM,1
GUI,1
DAT,1
DGBIYDLBHA,1
UZI,1
LANGZIP,1
B,1
GOOGLEUPDATE,1
MUI,1
BIN,1
HVYTH,1
AFX_DIALOG_LAYOUT,1
MUI,1
CUSTOM,1
MUI,1
TYPELIB,1
MERUWOPIDILETIKAJUMOVUJIRUSO,1
MUCIKAGI,1
ROLOKOFUFABO,1
VO,1
XHFTI,1
TEXTINCLUDE,1
TYPELIB,1
MUI,1
FSVDSHWMGI,1
KUCUMERONUGI,1
NAMOHO,1
PAMACEWUKUDOHUWOSOSACIFIFUNOTAMO,1
PERS,1
SETTINGS,1
GUI,1
MUI,1
MUI,1
BIN,1
JXK,1
PERS,1
SETTINGS,1
TEX,1
BINARY,1
PNG,1
MUI,1
WEVT_TEMPLATE,1
CUSTOM,1
UJK,1
MUI,1
CUSTOM,1
REGISTRY,1
TYPELIB,1
BIN,1
AFX_DIALOG_LAYOUT,1
DURE,1
GGFOBY,1
MUI,1
CUSTOM,1
DAREJAXULADAWIMIDUVI,1
KUPOVE,1
LERALUWAFUJOJOXARUKU,1
LNN,1
QCINQNI,1
RABUZOGASOJISORIZOSE,1
AFX_DIALOG_LAYOUT,1
SCHEMA,1
AFX_DIALOG_LAYOUT,1
GTEJYIOM,1
XAWUVOFAPEXAWIXUSUKAZE,1
MUI,1
TEXTINCLUDE,1
TYPELIB,1
MUI,1
BMP,1
T1,1
TRT,1
MUI,1
TYPELIB,1
FPGPTYXEL,1
GUTUYOZUKONIPIHOWUSOCE,1
JU,1
TIXEBALEWUFEVUJOKAGOMIHA,1
MUI,1
AFX_DIALOG_LAYOUT,1
PXQLNUGL,1
XAWUVOFAPEXAWIXUSUKAZE,1
PNG,1
PERS,1
SETTINGS,1
MUI,1
AFX_DIALOG_LAYOUT,1
PXQLNUGL,1
XAWUVOFAPEXAWIXUSUKAZE,1
REGISTRY,1
DATA,1
DAREJAXULADAWIMIDUVI,1
KUPOVE,1
LERALUWAFUJOJOXARUKU,1
LNN,1
DAT,1
MUI,1
REGISTRY,1
TYPELIB,1
DAREJAXULADAWIMIDUVI,1
KUPOVE,1
LERALUWAFUJOJOXARUKU,1
LNN,1
MUI,1
MUI,1
DUTOXAZEPAYUWENESIHUHOSICEFU,1
SEPAWUDEHUKUSIDADAGARATERISOVU,1
VHQLCB,1
RC_DATA,1
MUI,1
LNG,1
MERUWOPIDILETIKAJUMOVUJIRUSO,1
MUCIKAGI,1
ROLOKOFUFABO,1
VO,1
XHFTI,1
AVI,1
MUI,1
REGINST,1
KOGUMIWUBOTA,1
LSNJXXUYA,1
TYPELIB,1
_IID_FRMABOUT,1
_IID_FRMPNEWK096,1
MUI,1
IDR_BINARY,1
BIN,1
AFX_DIALOG_LAYOUT,1
OMSCH,1
XAWUVOFAPEXAWIXUSUKAZE,1
TEMPLATE,1
UZI,1
MUI,1
PERS,1
SETTINGS,1
MVGUYEC,1
BOMIWAROTI,1
FHAL,1
XAYOGORAYOCICENEHO,1
AFX_DIALOG_LAYOUT,1
DBIND,1
AVI,1
CUSTOM,1
PNG,1
FPGPTYXEL,1
GUTUYOZUKONIPIHOWUSOCE,1
JU,1
TIXEBALEWUFEVUJOKAGOMIHA,1
PERS,1
SETTINGS,1
MERUWOPIDILETIKAJUMOVUJIRUSO,1
MUCIKAGI,1
ROLOKOFUFABO,1
VO,1
XHFTI,1
PERS,1
SETTINGS,1
MUI,1
TYPELIB,1
PERS,1
SETTINGS,1
FAZUMITELUVELOHAJUZIPOVAFITIFE,1
LU,1
UCWEFJ,1
CUSTOM,1
RCVR,1
BIN,1
YCKLTGBWLC,1
DAT,1
MUI,1
REGINST,1
GIF,1
LANGUAGE,1
RT_RCDATA,1
MUI,1
DODEKU,1
ELVPIIDBW,1
GUXIVEBOYAZEHIVIZASI,1
VAGUROSOCIWAMAYUKEKULICE,1
WIDURA,1
YOWA,1
MUI,1
PNG,1
BONULISETUSIDA,1
PFBL,1
MUI,1
TYPELIB,1
RT_RIBBON_XML,1
1639DDCE20141128151823,1
3EA3587120141128151823,1
894314B120141128151823,1
AF4FFC2C20141128151823,1
E2695BC620141128151823,1
HOST,1
EXE,1
BIN,1
SKIN,1
PERS,1
SETTINGS,1
MUI,1
REGISTRY,1
BIN,1
TYPELIB,1
MERUWOPIDILETIKAJUMOVUJIRUSO,1
MUCIKAGI,1
ROLOKOFUFABO,1
VO,1
XHFTI,1
IMAGE,1
BINARY,1
BINDATA,1
DAS,1
GIF,1
LANGUAGE,1
RT_RCDATA,1
MERUWOPIDILETIKAJUMOVUJIRUSO,1
MUCIKAGI,1
ROLOKOFUFABO,1
VO,1
XHFTI,1
TYPELIB,1
BIN,1
REGISTRY,1
TYPELIB,1
TYPELIB,1
GKPKNNK,1
PNG,1
STYLE,1
TEXTFILE,1
MUI,1
SIAMDB,1
IQBVOUI,1
JPG,1
PNG,1
TXT,1
DAT,1
TEXTINCLUDE,1
WAVE,1
FILE,1
CUSTOM,1
CUSTOM,1
B,1
GOOGLEUPDATE,1
PERS,1
SETTINGS,1
TYPELIB,1
_IID_CLSSENDMAIL,1
_SRCIID_CLSSENDMAIL,1
MUI,1
AFX_DIALOG_LAYOUT,1
PERS,1
SETTINGS,1
DODEKU,1
ELVPIIDBW,1
GUXIVEBOYAZEHIVIZASI,1
VAGUROSOCIWAMAYUKEKULICE,1
WIDURA,1
YOWA,1
TYPELIB,1
PERS,1
SETTINGS,1
DBIND,1
CUSTOM,1
MUI,1
BIN,1
PERS,1
SETTINGS,1
MUI,1
REGISTRY,1
TYPELIB,1
BIN,1
AVI,1
IMAGE,1
AUPOY,1
RUREDOPOFOXOBANIJODI,1
WU,1
REGISTRY,1
TYPELIB,1
260,1
KIMUXURUPOVOJURO,1
KYYLTALLK,1
ZOZESAFACA,1
REGISTRY,1
TEXTINCLUDE,1
TYPELIB,1
DBIND,1
IMAGE_FILE,1
RTF_FILE,1
MUI,1
GIF,1
LANGUAGE,1
RT_RCDATA,1
0985F4552014118205348,1
119D3DF42014118205347,1
12E111FA2014118205347,1
58A802772014118205347,1
91F711472014118205347,1
HOST,1
MP3,1
BIN,1
MUI,1
AVI,1
DATA,1
HHVNI,1
PERS,1
SETTINGS,1
BORACO,1
WECARIXAGEVIRE,1
XSQLCLFVBD,1
PERS,1
SETTINGS,1
AFX_DIALOG_LAYOUT,1
PXQLNUGL,1
XAWUVOFAPEXAWIXUSUKAZE,1
NEVERMARRYFORTHESECONDTIME,1
TEXTINCLUDE,1
MUI,1
TYPELIB,1
MUI,1
MUI,1
AFX_DIALOG_LAYOUT,1
BUPUYOBUMETELAWEFIBUDIWU,1
FONW,1
NEGIJUGUDANEPIKOTI,1
TOZOYIHE,1
DODEKU,1
ELVPIIDBW,1
GUXIVEBOYAZEHIVIZASI,1
VAGUROSOCIWAMAYUKEKULICE,1
WIDURA,1
YOWA,1
MUI,1
TYPELIB,1
REGISTRY,1
BIN,1
BOXES,1
TEMPLATES,1
JPG,1
PNG,1
TXT,1
DAREJAXULADAWIMIDUVI,1
KUPOVE,1
LERALUWAFUJOJOXARUKU,1
LNN,1
TYPELIB,1
_IID_ENCRYPTIONTOOLS,1
TYPELIB,1
DBIND,1
GUPEGALEHERUWAGOBUKI,1
JERIVUGELAVOME,1
JIGIVI,1
OMP,1
PUNEKUCEDOLAPE,1
SUSABOHENIHIDEYA,1
MUI,1
MUI,1
DODEKU,1
ELVPIIDBW,1
GUXIVEBOYAZEHIVIZASI,1
VAGUROSOCIWAMAYUKEKULICE,1
WIDURA,1
YOWA,1
TYPELIB,1
AVI,1
JPG,1
PNG,1
TXT,1
BOLAGIJONAVA,1
RACOYENUSALUWA,1
TAHUJAMIJURUKUKIYIPUCAJETUTO,1
YNNETNE,1
YUNICEKINOBEMITOKUWACITI,1
