section_name,count,
b,z^#,4
a,_^iqg,1
.rsrc,9126,
.text,7920,
.data,6882,
.rdata,5939,
.reloc,4437,
.idata,2038,
.tls,1477,
.ndata,1246,
.bss,851,
data,774,
code,764,
bss,729,
upx0,702,
upx1,699,
.itext,476,
.gfids,273,
.edata,215,
.None,208,
.sdata,169,
.crt,157,
.code,148,
upx2,120,
.,90,
.didat,80,
.aspack,73,
.adata,68,
.bak,64,
shared,56,
/4,50,
.brdata,48,
.vmp0,44,
rdata,37,
.didata,35,
.vmp1,32,
rsrc,31,
init,30,
.r1,29,
/24,29,
coderpub,29,
.newsec,29,
/2,28,
/11,28,
.tsustub,26,
.tsuarch,26,
/32,24,
   ,23,
.idata  ,23,
        ,23,
.lol0,22,
qxejodg,21,
.data1,20,
petite,19,
.00cfg,18,
.gms,17,
.data2,16,
.crt0,16,
/19,15,
.eh_fram,14,
.orpc,14,
.erloc,14,
.crt1,14,
.qdata,13,
.gnu_deb,13,
rqvmxkb,13,
gumrkvc,13,
kakxcjb,13,
/89,13,
.mpress1,11,
.mpress2,11,
.dat,11,
page,11,
gfelmge,11,
.qtmetad,11,
/14,11,
.text1,10,
/29,10,
.lol1,9,
c*-/5,9,1
.exp,9,
.pdata,9,
/45,9,
/41,9,
/55,9,
/67,9,
9yskm,8,
scpquxcm,8,
/31,8,
/57,8,
/70,8,
/81,8,
/92,8,
/78,8,
.dtm,8,
.cdata,7,
_rdata,7,
.tc,7,
lkcaqyc,7,
.nkh,7,
.stab,7,
.stabstr,7,
.xdata,7,
/35,7,
.wixburn,7,
.none,7,
.pklstb,7,
_winzip_,6,
engine,6,
0,6,
/51,6,
/63,6,
/77,6,
/102,6,
/113,6,
.app,6,
.cupa,5,
.xas,5,
.ftd,5,
.ot,5,
.pgfqsp,5,
.t,5,
.nrdf,5,
.j,5,
.jj,5,
.trace,5,
.c2r,5,
.sxdata,5,
.crt4,5,
const,5,
g,5,
oca,5,
k,5,
+pnbd,5,
.textbss,5,
.nsp0,5,
.nsp1,5,
.nsp2,5,
.n4xejol,5,
%text,5,
.rdatf,5,
.dta,5,
"""reloc",5,
text,4,
.upx,4,
aaqsvwe,4,
ajxatvr,4,
.jkfkjsb,4,
.heb,4,
.wdata,4,
.sedata,4,
.data4,4,
.data3,4,
.x,4,
qhfariu,4,
tyqtaqt,4,
hnocskm,4,
gfzjxxf,4,
giiawqu,4,
dgroup,4,
/124,4,
pebundle,4,
tkjdelw,3,
camztlf,3,
vryeypb,3,
dgbwqbp,3,
odyqxub,3,
.qx,3,
.khe,3,
.objc_im,3,
.code21,3,
.dxrkd,3,
.res,3,
.rodata,3,
.gdata,3,
pec1,3,
.zrdata,3,
.inc,3,
~f6c:d,3,
.famas,3,
pagelk,2,
fsx0,2,
fsx1,2,
.rmnet,2,
.wpp,2,
.qnk,2,
.debug,2,
.zdata,2,
.dec,2,
.gentee,2,
pepack!!,2,
.edc,2,
.uro,2,
yc,2,
.yp,2,
.upack,2,
.buildid,2,
.vsp,2,
.stl,2,
.shield,2,
.rnhy,2,
.lq,2,
.ml,2,
.jsgfgr,2,
.cdjjn,2,
.aib,2,
.kramww,2,
.vxco,2,
x-/nz~~,2,
",p ",2,
.ydata,2,
auto,2,
yilf,2,
mmxcode1,2,
.perplex,2,
.x64,2,
.params,2,
.bootdat,2,
/61,2,
/73,2,
imports,2,
relocs,2,
.imrsiv,2,
.ata,2,
~)din:,2,
-!3,2,
48,2,
)k)r),2,
0xy,2,
"ypec#,h",2,
uqd4zu,2,
yjcwfd(3,2,
:,2,
.phs,2,
begtext,2,
.3l,2,
upx,2,
.kbdfall,2,
.rdata3,2,
.rdata2,2,
.taggant,2,
.jdata,2,
x[rhbiy,1,
agz4|,1,
      ,1,
~f5c:d,1,
x$,1,
_liow,1,
radag,1,
_idab,1,
bebo,1,
un_bun,1,
pampe,1,
ika0,1,
ika1,1,
unzjokcz,1,
dpb,1,
.crt$xia,1,
iwi0,1,
iwi1,1,
bokxsgo,1,
jsxafawe,1,
zawmgukw,1,
.bss_0,1,
.data_0,1,
/text,1,
 rsrc,1,
wvj]i,1,
.yello,1,
.init,1,
e9d4b,1,
ippcode,1,
ippdata,1,
mubiowxl,1,
xfceunsy,1,
.ayxp   ,1,
.ebss,1,
13325,1,
.core,1,
ym/ei4cu,1,
.sharedd,1,
,1,
dlallno,1,
.zmkm,1,
.onogfg,1,
.mujswj,1,
.ajub,1,
.lcc,1,
zbpffysm,1,
fyingrzb,1,
0v)(ksf,1,
yrsh=t,1,
hp,1,
rhrwqyez,1,
hjqfwoqp,1,
esvs@n]e,1,
ojob,1,
.d(=/g$h,1,
.ext,1,
.ctors,1,
.sdbid,1,
.asdfg,1,
rpydnpse,1,
uxmeuzly,1,
qwsgjdbp,1,
.8b63,1,
7mnfnfv6,1,
tgdserr,1,
"&
$",1,
.xzde,1,
mpv,1,
.tla,1,
.rarc,1,
cjsrewli,1,
ztnbmiwv,1,
oreloc,1,
.neolit,1,
.aore,1,
.rtc,1,
=r_0k],1,
.ldayz,1,
zh-`(g,1,
.dhflli,1,
quddkflr,1,
cdata,1,
mdata,1,
czljspx,1,
.sbss,1,
.zinit,1,
.tinit,1,
.init1,1,
.init2,1,
.init3,1,
.rdta,1,
i,1,
ej6,1,
lxl,1,
.reloc1,1,
aeffo,1,
emkdrxx,1,
'.text',1,
dlvttlnf,1,
oztskerk,1,
_winoc,1,
!mmupp,1,
.reloc2,1,
.mdata,1,
.link,1,
.rloc,1,
dbtnamb,1,
hdfc,1,
dfgs,1,
.idata2,1,
.mackt,1,
%d?fx{,1,
+lad5r+3,1,
.debug_o,1,
lxxbpbrr,1,
syatfvfi,1,
hwyqrdux,1,
zdpignge,1,
6fuatwep,1,
ugivzfap,1,
fyfhoiza,1,
ve_share,1,
ujbjyfi,1,
pegd3,1,
brat0,1,
brat1,1,
brat2,1,
nldr,1,
nexe,1,
ojqmbhbu,1,
hjfyksnu,1,
rudhyye,1,
0.424234,1,
.djc,1,
fapkjbkl,1,
zqnzlylv,1,
iwantqw,1,
srszemz,1,
bdstbnr,1,
.jdpack,1,
.rdate,1,
veidata,1,
foowracj,1,
jbffryvh,1,
eri0,1,
eri1,1,
.protect,1,
.rdata1,1,
.njjus6,1,
vsshjbxx,1,
.upx1,1,
.       ,1,
!eprot,1,
.tqn,1,
.      ,1,
.textxc,1,
/47,1,
/86,1,
/97,1,
/108,1,
.titext,1,
.ex_cod,1,
5445rt54,1,
.zero,1,
__wibu00,1,
__wibu01,1,
__wibu02,1,
__wibu03,1,
__wibu04,1,
__wibu05,1,
bry7msqb,1,
2qp4dyfw,1,
iwmw81e8,1,
!c:_-fh,1,
tpzvnvct,1,
nvgdyuem,1,
z,1,
net,1,
eoembzdo,1,
rrczherm,1,
 rdata,1,
lhvjtymg,1,
dwofqiv,1,
.rsrc118,1,
.rsdt,1,
kxzf/v6j,1,
dtunlzko,1,
ucditdwx,1,
.text2,1,
.udata,1,
.qcc,1,
.dv,1,
.pryc,1,
.yhqxw,1,
.textidx,1,
.fnp_dir,1,
.fnp_mar,1,
.pmj,1,
.stub,1,
.vgx,1,
.avgs,1,
.xluoppx,1,
%|t&h,1,
kqwckqh,1,
.rrdata,1,
0,1,
0.1,1,
.x01,1,
djsuidgc,1,
byougcal,1,
ayruktf,1,
.flat,1,
iacode2,1,
iacode1,1,
iadata1,1,
mmxdata1,1,
uu/l,1,
.imports,1,
.spm,1,
.sp,1,
j5xw3x+b,1,
uinc,1,
 g,1,
.ifc,1,
0,1,
1,1,
2,1,
8c254bno,1,
hcdpqq56,1,
mbknlzv3,1,
fe_text,1,
"""a%1w",1,
.2itext,1,
.crt2,1,
viso,1,
agi0,1,
agi1,1,
.huod,1,
.nwj,1,
8eiblfje,1,
inuxnlhs,1,
irjbyyny,1,
kvjejjqs,1,
faqmvjji,1,
"zd 2q>i,",1,
q8d5l7s6,1,
03k60re0,1,
/87,1,
/99,1,
/112,1,
/123,1,
/134,1,
.aajaic,1,
zilqgpjr,1,
pfepjafc,1,
.bss    ,1,
.tls    ,1,
.heh,1,
.ggj,1,
.dabc,1,
.syzygy,1,
+7nrv/8f,1,
ewa0,1,
ewa1,1,
.hjknnq,1,
utorrent,1,
rc220fmw,1,
u043xviq,1,
w^2/,1,
qhxyjtv,1,
hnkh1hww,1,
qbuxuvpm,1,
serrpigy,1,
tppr !b+,1,
.wtq,1,
lrlikux,1,
.enigma1,1,
.enigma2,1,
.pedata,1,
.keroro,1,
1yb57bz/,1,
.maskpe,1,
w`[\,1,
.relox,1,
jslygfm,1,
.woeriqw,1,
.packed,1,
jirfbds,1,
.vma0,1,
.vma1,1,
.re1oc,1,
cpadinfo,1,
.mt,1,
6dv7ybut,1,
.sys,1,
.se0,1,
.se1,1,
", q^.",1,
w/{os/$,1,
.ihkshar,1,
ctpltfrm,1,
.jfbbql,1,
"s?@""",1,
ar06j,1,
cxdcodm,1,
kyazfutm,1,
xuhzxzqs,1,
kjhqjer,1,
rwmbzvxl,1,
inteckzo,1,
.avc,1,
i_(r,,
z,,
